{
    "GameObjectList": [
        {
            "mat": [
                0.20000000298023224,
                0.0,
                0.0,
                0.0,
                0.0,
                0.20000000298023224,
                0.0,
                0.0,
                0.0,
                0.0,
                0.20000000298023224,
                0.0,
                -7.0,
                -0.4934771656990051,
                -7.0,
                1.0
            ],
            "path": "model/rsc/Temple1/Temple1.obj",
            "pickable": 1,
            "position": [
                0.0,
                0.0,
                0.0
            ],
            "rotateY": 0.0,
            "scale": [
                0.20000000298023224,
                0.20000000298023224,
                0.20000000298023224
            ]
        },
        {
            "mat": [
                0.20000000298023224,
                0.0,
                0.0,
                0.0,
                0.0,
                0.20000000298023224,
                0.0,
                0.0,
                0.0,
                0.0,
                0.20000000298023224,
                0.0,
                -15.265464782714844,
                0.3045618236064911,
                -7.502422332763672,
                1.0
            ],
            "path": "././model/rsc/Bridge/Bridge-1/Bridge-1.obj",
            "pickable": 1,
            "position": [
                -15.265464782714844,
                0.3045618236064911,
                -7.502422332763672
            ],
            "rotateY": 0.0,
            "scale": [
                0.20000000298023224,
                0.20000000298023224,
                0.20000000298023224
            ]
        },
        {
            "mat": [
                0.20000000298023224,
                0.0,
                0.0,
                0.0,
                0.0,
                0.20000000298023224,
                0.0,
                0.0,
                0.0,
                0.0,
                0.20000000298023224,
                0.0,
                9.28087043762207,
                -1.5956025123596191,
                -9.077302932739258,
                1.0
            ],
            "path": "././model/rsc/Boat/Boat.obj",
            "pickable": 1,
            "position": [
                9.28087043762207,
                -1.5956025123596191,
                -9.077302932739258
            ],
            "rotateY": 0.0,
            "scale": [
                0.20000000298023224,
                0.20000000298023224,
                0.20000000298023224
            ]
        },
        {
            "mat": [
                0.20000000298023224,
                0.0,
                0.0,
                0.0,
                0.0,
                0.20000000298023224,
                0.0,
                0.0,
                0.0,
                0.0,
                0.20000000298023224,
                0.0,
                -12.369876861572266,
                0.10707320272922516,
                -5.6793975830078125,
                1.0
            ],
            "path": "././model/rsc/Fences/Fence-Wood/Fence-Wood.obj",
            "pickable": 1,
            "position": [
                -12.369876861572266,
                0.10707320272922516,
                -5.6793975830078125
            ],
            "rotateY": 0.0,
            "scale": [
                0.20000000298023224,
                0.20000000298023224,
                0.20000000298023224
            ]
        }
    ],
    "ParallelLight": {
        "ambient": [
            0.30000001192092896,
            0.30000001192092896,
            0.30000001192092896
        ],
        "diffuse": [
            0.30000001192092896,
            0.30000001192092896,
            0.30000001192092896
        ],
        "direction": [
            -2.5269999504089355,
            -0.699999988079071,
            1.0
        ],
        "specular": [
            0.4000000059604645,
            0.4000000059604645,
            0.4000000059604645
        ]
    },
    "PointLightList": [
        {
            "ambient": [
                0.05000000074505806,
                0.05000000074505806,
                0.05000000074505806
            ],
            "constant": 1.0,
            "diffuse": [
                0.800000011920929,
                0.800000011920929,
                0.800000011920929
            ],
            "linear": 0.09000000357627869,
            "position": [
                2.0,
                3.0,
                2.0
            ],
            "quadratic": 0.03200000151991844,
            "specular": [
                1.0,
                1.0,
                1.0
            ]
        },
        {
            "ambient": [
                0.6909999847412109,
                0.05000000074505806,
                0.05000000074505806
            ],
            "constant": 1.0,
            "diffuse": [
                0.800000011920929,
                0.800000011920929,
                0.800000011920929
            ],
            "linear": 0.09000000357627869,
            "position": [
                -10.73799991607666,
                2.0,
                -5.0
            ],
            "quadratic": 0.03200000151991844,
            "specular": [
                1.0,
                1.0,
                1.0
            ]
        },
        {
            "ambient": [
                0.05000000074505806,
                0.05000000074505806,
                0.05000000074505806
            ],
            "constant": 1.0,
            "diffuse": [
                0.800000011920929,
                0.800000011920929,
                0.800000011920929
            ],
            "linear": 0.09000000357627869,
            "position": [
                -4.0,
                2.5,
                -8.0
            ],
            "quadratic": 0.03200000151991844,
            "specular": [
                1.0,
                1.0,
                1.0
            ]
        },
        {
            "ambient": [
                0.05000000074505806,
                0.05000000074505806,
                0.05000000074505806
            ],
            "constant": 1.0,
            "diffuse": [
                0.800000011920929,
                0.800000011920929,
                0.800000011920929
            ],
            "linear": 0.09000000357627869,
            "position": [
                0.0,
                1.5,
                -3.0
            ],
            "quadratic": 0.03200000151991844,
            "specular": [
                1.0,
                1.0,
                1.0
            ]
        }
    ]
}